"Reference","Value","Footprint","Qty","DNP","Manufacturer","MPN","Package","Power","Voltage","Tolerance","Dielectric"
"BT1","1043P","Keystone:BAT_1043P","1","","Keystone Electronics","1043P","None","","","",""
"BZ1","PKMCS0909E4000-R1","digikey-footprints:Piezo_9x9mm_PKMCS0909E4000-R1","1","","Murata Electronics North America","PKMCS0909E4000-R1","","","","",""
"C1,C2","15pF","Capacitor_SMD:C_0402_1005Metric","2","","YAGEO","CC0402FRNPO9BN150","0402","","50V","1%","C0G, NP0"
"C3,C4,C5,C7,C9,C10,C11,C12,C13,C14,C15,C16,C18,C19,C20","100nF","Capacitor_SMD:C_0402_1005Metric","15","","YAGEO","CC0402KRX7R8BB104","0402 ","","25V","10%","X7R"
"C6,C8","1uF","Capacitor_SMD:C_0402_1005Metric","2","","Murata Electronics","GRM155R61E105MA12D","0402 ","","25V","20%","X5R"
"C17","10uF","Capacitor_SMD:C_0603_1608Metric","1","","Murata Electronics","GRM188R61E106KA73D","0603","","25V","10%","X5R"
"C21,C22,C23,C24","470pF","Capacitor_SMD:C_0402_1005Metric","4","","YAGEO","CC0402KRX7R0BB471","0402","","100V","10%","X7R"
"C25","1uF","Capacitor_SMD:C_0805_2012Metric","1","","Samsung Electro-Mechanics","CL21B105KAFNNNE","0805","","25V","10%","X7R"
"C26","100uF","Capacitor_Tantalum_SMD:CP_EIA-3528-12_Kemet-T","1","","KEMET","T491B107M010AT","1411 (3528 Metric)","","10V","20%",""
"C27","2.2uF","Capacitor_SMD:C_0603_1608Metric","1","","YAGEO","CC0603MRX5R5BB225","0603","","6.3V","20%","X5R"
"C28,C31","4.7uF","Capacitor_SMD:C_0805_2012Metric","2","","YAGEO","CC0805MKX5R6BB475","0805","","10V","20%","X5R"
"C29,C33","0.01uF","Capacitor_SMD:C_0603_1608Metric","2","","YAGEO","CC0603JRX7R8BB103","0603","","25V","5%","X7R"
"C30","10uF","Capacitor_SMD:C_0805_2012Metric","1","","Murata Electronics","GRM21BR61E106KA73K","0805","","25V","10%","X5R"
"C32,C36,C37,C38,C39,C40","0.1uF","Capacitor_SMD:C_0603_1608Metric","6","","YAGEO","CC0603KRX7R8BB104","0603","","25V","10%","X7R"
"C34","100pF","Capacitor_SMD:C_0603_1608Metric","1","","YAGEO","CC0603JRNPO9BN101","0603","","50V","5%","C0G, NP0"
"C35","22uF","Capacitor_SMD:C_0805_2012Metric","1","","YAGEO","CC0805MKX5R8BB226","0805","","25V","20%","X5R"
"D1","1N4148W-TP","digikey-footprints:SOD-123","1","","Micro Commercial Co","1N4148W-TP","","","","",""
"D2","SMF12A","Diode_SMD:D_SMF","1","","Vishay","SMF12A","","","","",""
"D3,D4,D5,D6,D7,D8,D9,D10","B5819W-TP","Snapeda:SDO_SOD-123_MCC","8","","Micro Commercial Co","B5819W-TP","","","","",""
"D11","PMEG2020EH","Diode_SMD:D_SOD-123F","1","","Nexperia","PMEG2020EH,115","","","","",""
"D12","LTST-C170KFKT","digikey-footprints:0805","1","","Lite-On Inc.","LTST-C170KFKT","","","","",""
"D13,D14","SK54A-LTP","Diode_SMD:D_SMA","2","","Nexperia USA Inc.","SK54A-LTP","","","","",""
"J1","USB_C_Receptacle_USB2.0_16P","Connector_USB:USB_C_Receptacle_GCT_USB4105-xx-A_16P_TopMnt_Horizontal","1","","GCT","USB4105-GF-A","","","","",""
"J5","TBLH10-350-04BK","Snapeda:CUI_TBLH10-350-04BK","1","","CUI Devices","TBLH10-350-04BK","","","","",""
"JOY1","THB001P","Samacsys:THB001P","1","","C&K","THB001P","","","","",""
"L1,L2,L3,L4","HI1206T500R-10","Snapeda:IND_HI1206T500R-10_LRD","4","","Laird-Signal Integrity Products","HI1206T500R-10","","","","",""
"L5","ASPI-0530HI-2R2M-T2","Samacsys:INDPM5652X300N","1","","Abracon LLC","ASPI-0530HI-2R2M-T2","","","","",""
"LED1","LTST-C171GKT","Samacsys:LEDC2012X90N","1","","Lite-On Inc.","LTST-C171GKT","","","","",""
"LED2","APF3236LSEEZGKQBKC","Snapeda:APF3236LSEEZGKQBKC_KNB","1","","Kingbright","APF3236LSEEZGKQBKC","","","","",""
"Q1","BSS84","digikey-footprints:SOT-23-3","1","","ON Semiconductor","BSS84","","","","",""
"Q2","2N7002","digikey-footprints:SOT-23-3","1","","ON Semiconductor","2N7002","","","","",""
"Q3","PMF170XP,115","Samacsys:SOT65P210X110-3N","1","","Nexperia USA Inc.","PMF170XP,115","","","","",""
"Q4,Q5","BSS83P","Package_TO_SOT_SMD:SOT-23","2","","Infineon Technologies","BSS83PH6327XTSA1","","","","",""
"R1,R5","1k","Resistor_SMD:R_0402_1005Metric","2","","YAGEO","RC0402FR-071KL","0402","0.063W, 1/16W","","1%",""
"R3,R4","5.1kR","Resistor_SMD:R_0603_1608Metric","2","","YAGEO","RC0603FR-075K1L","0603 ","0.063W, 1/16W","","1%",""
"R6,R7","27R","Resistor_SMD:R_0402_1005Metric","2","","YAGEO","RC0402FR-0727RL","0402","0.063W, 1/16W","","1%",""
"R8,R9,R11,R12,R13,R14,R15,R16,R17,R18,R32,R34,R38,R39","10kR","Resistor_SMD:R_0603_1608Metric","14","","YAGEO","RC0603FR-0710KL","0603 ","0.1W, 1/10W","","1%",""
"R10,R24,R28","100R","Resistor_SMD:R_0603_1608Metric","3","","YAGEO","RC0603FR-07100RL","0603 ","0.1W, 1/10W","","1%",""
"R19,R46,R48","1kR","Resistor_SMD:R_0603_1608Metric","3","","YAGEO","RC0603FR-071KL","0603","0.1W, 1/10W","","1%",""
"R20,R23,R26,R30,R35,R36,R37,R40,R41,R47","100kR","Resistor_SMD:R_0603_1608Metric","10","","YAGEO","RT0603DRE10100KL","0603","0.1W, 1/10W","","0.5%",""
"R21,R22","150mR","Resistor_SMD:R_1206_3216Metric","2","","Bourns Inc.","CRL1206-FW-R150ELF","1206","0.5W, 1/2W","","1%",""
"R25","2kR","Resistor_SMD:R_0603_1608Metric","1","","YAGEO","RC0603FR-072KL","0603","0.1W, 1/10W","","1%",""
"R27,R29,R42","620R","Resistor_SMD:R_0603_1608Metric","3","","YAGEO","RC0603FR-07620RL","0603","0.1W, 1/10W","","1%",""
"R31","9.09kR","Resistor_SMD:R_0603_1608Metric","1","","YAGEO","RC0603FR-079K09L","0603","0.1W, 1/10W","","1%",""
"R33","71.5kR","Resistor_SMD:R_0603_1608Metric","1","","YAGEO","RC0603FR-0771K5L","0603","0.1W, 1/10W","","1%",""
"R43","750R","Resistor_SMD:R_0603_1608Metric","1","","YAGEO","RC0603FR-07750RL","0603","0.1W, 1/10W","","1%",""
"R44,R45","330R","Resistor_SMD:R_0603_1608Metric","2","","YAGEO","RC0603JR-07330RL","0603","0.1W, 1/10W","","5%",""
"SW1,SW2,SW3","FSM8JSMASTR","Snapeda:SW4_FSM8JSMASTR_TEC","3","","TE Connectivity ALCOSWITCH Switches","FSM8JSMASTR","","","","",""
"U1","USBLC6-2SC6","Package_TO_SOT_SMD:SOT-23-6","1","","STMicroelectronics","USBLC6-2SC6","","","","",""
"U2","W25Q128JVS","Package_SO:SOIC-8_5.23x5.23mm_P1.27mm","1","","Winbond Electronics","W25Q128JVSIQ","","","","",""
"U3","RP2040","RP2040_minimal_r2:RP2040-QFN-56","1","","Raspberry Pi","RP2040","","","","",""
"U4","FM24CL16B","Package_SO:SOIC-8_3.9x4.9mm_P1.27mm","1","","Infineon Technologies","FM24CL16B-G","","","","",""
"U5","TMC2300-LA","Ultra_librarian_footprints:QFN20_3x3_TRI-M","1","","Analog Devices Inc./Maxim Integrated","TMC2300-LA","","","","",""
"U6","LDL1117S33R","Package_TO_SOT_SMD:SOT-223-3_TabPin2","1","","STMicroelectronics","LDL1117S33R","","","","",""
"U7","MCP73832T-2ACI_OT","digikey-footprints:SOT-753","1","","Microchip Technology","MCP73832T-2ACI/OT","","","","",""
"U8","MIC2253","Package_DFN_QFN:DFN-12-1EP_3x3mm_P0.5mm_EP1.6x2.5mm_ThermalVias","1","","Microchip Technology","MIC2253-06YML-TR","","","","",""
"Y1","ABM8-272-T3","Crystal:Crystal_SMD_3225-4Pin_3.2x2.5mm","1","","Abracon LLC","ABM8-272-T3","","","","",""
