﻿Designator,Footprint,Quantity,Value,LCSC Part #
"C1, C2",0402,2,15pF,CC0402FRNPO9BN150
"C10, C11, C12, C13, C14, C15, C17, C18, C19, C3, C36, C4, C5, C7, C9",0402,15,100nF,CC0402KRX7R8BB104
C16,0603,1,10uF,GRM188R61E106KA73D
"C20, C21, C22, C23",0402,4,470pF,CC0402KRX7R0BB471
"C24, C35",0805,2,1uF,CL21B105KAFNNNE
C25,CP_EIA-3528-12_Kemet-T,1,100uF,T491B107M010AT
"C26, C30",0805,2,4.7uF,CC0805MKX5R6BB475
C27,0603,1,2.2uF,CC0603MRX5R5BB225
"C28, C32",0603,2,0.01uF,CC0603JRX7R8BB103
C29,0805,1,10uF,GRM21BR61E106KA73K
"C31, C37, C38, C39, C40, C41",0603,6,0.1uF,CC0603KRX7R8BB104
C33,0603,1,100pF,CC0603JRNPO9BN101
C34,0805,1,22uF,CC0805MKX5R8BB226
"C6, C8",0402,2,1uF,GRM155R61E105MA12D
D1,SOD-123,1,1N4148W-TP,1N4148W-TP
"D10, D3, D4, D5, D6, D7, D8, D9",SDO_SOD-123_MCC,8,B5819W-TP,B5819W-TP
D11,D_SOD-123F,1,PMEG2020EH,"PMEG2020EH,115"
D12,INS63AS5UW,1,IN-S63AS5A,IN-S63AS5A
D13,D_SMA,1,SK54A-LTP,SK54A-LTP
D14,SOT-23-3,1,BAT54C-7-F,BAT54C-7-F
D2,D_SMF,1,SMF12A,SMF12A
J1,USB_C_Receptacle_GCT_USB4105-xx-A_16P_TopMnt_Horizontal,1,USB_C_Receptacle_USB2.0_16P,USB4105-GF-A
"L1, L2, L3, L4",IND_HI1206T500R-10_LRD,4,HI1206T500R-10,HI1206T500R-10
L5,INDPM5652X300N,1,ASPI-0530HI-2R2M-T2,ASPI-0530HI-2R2M-T2
Q1,SOT-23-3,1,BSS84,BSS84
"Q2, Q4, Q6, Q7",SOT-23-3,4,2N7002-7-F,2N7002-7-F
Q3,SOT65P210X110-3N,1,"PMF170XP,115","PMF170XP,115"
Q5,SOT-23F_TOS,1,SSM3J328R_LF,"SSM3J328R,LF"
"R1, R5",0402,2,1k,RC0402FR-071KL
"R10, R11, R12, R13, R14, R15, R16, R29, R31, R42, R43, R9",0603,12,10kR,RC0603FR-0710KL
"R17, R52, R54",0603,3,1kR,RC0603FR-071KL
"R18, R21, R25, R35, R39, R40, R41, R45, R53",0603,9,100kR,RT0603DRE10100KL
"R19, R20",1206,2,150mR,CRL1206-FW-R150ELF
"R22, R34, R47, R49, R50, R51, R8",0603,7,100R,RC0603FR-07100RL
R23,1206,1,0R,RC1206FR-070RL
R24,0603,1,2.49kR,ERJ-3EKF2491V
"R26, R27",0603,2,620R,RC0603FR-07620RL
R28,0603,1,9.09kR,RC0603FR-079K09L
"R3, R4",0603,2,5.1kR,RC0603FR-075K1L
R30,0603,1,71.5kR,RC0603FR-0771K5L
"R32, R37",0603,2,0R,RC0603FR-070RL
R33,0603,1,1Meg,RC0603FR-071ML
R36,0603,1,330R,RC0603FR-07330RL
"R38, R48",0603,2,5.1MR,RC0603FR-075M1L
R44,0603,1,56kR,RC0603FR-0756KL
R46,0603,1,2.2kR,RC0603FR-072K2L
"R6, R7",0402,2,27R,RC0402FR-0727RL
"SW1, SW2",SW_PTS636S-J_CNK,2,PTS636SP43SMTRL FS,PTS636SP43SMTR LFS
U1,USON-8_UX_2x3x0p6_WIN,1,W25Q16JVUXIQ TR,W25Q16JVUXIQ TR
U2,SOT-23-6,1,USBLC6-2SC6,USBLC6-2SC6
U3,RP2040-QFN-56,1,RP2040,RP2040
U4,QFN20_3x3_TRI-M,1,TMC2300-LA-T,TMC2300-LA-T
U5,SOT-223-3_TabPin2,1,LDL1117S33R,LDL1117S33R
U6,SOT-753,1,MCP73832T-2ACI_OT,MCP73832T-2ACI/OT
U7,DFN-12-1EP_3x3mm_P0.5mm_EP1.6x2.5mm_ThermalVias,1,MIC2253,MIC2253-06YML-TR
U8,SOT-28FL-8_2P9X2P3_ONS,1,ECH8697R-TL-W,ECH8697R-TL-W
U9,WSON-6_1.5x1.5mm_P0.5mm,1,BQ2970,BQ29706DSER
Y1,Crystal_SMD_3225-4Pin_3.2x2.5mm,1,ABM8-272-T3,ABM8-272-T3
